data_source,solution_type,model,threshold,precision,recall,f1,f2,accuracy,roc_auc,pr_auc,tn,fp,fn,tp
student_dropout,ml,logistic_regression,0.4,0.40479548660084624,0.8130311614730878,0.5404896421845574,0.6765676567656765,0.6746666666666666,0.8153453645549049,0.5753334888389368,725,422,66,287
student_dropout_and_success,ml,logistic_regression,0.25,0.7157534246575342,0.9812206572769953,0.8277227722772277,0.9134615384615384,0.8403669724770643,0.98171559477346,0.9776125813251134,249,83,4,209
