data_source,solution_type,model,threshold,precision,recall,f1,f2,accuracy,roc_auc,pr_auc,tn,fp,fn,tp
student_dropout_and_success,ml,logistic_regression,0.25,0.7821011673151751,0.9436619718309859,0.8553191489361702,0.9062218214607755,0.8752293577981651,0.9621726341987669,0.9499177447362137,276,56,12,201
student_dropout_and_success,ml,lightgbm,0.15,0.7975708502024291,0.9248826291079812,0.8565217391304348,0.8962693357597816,0.8788990825688073,0.9534758753323151,0.950510264081056,282,50,16,197
student_dropout,ml,logistic_regression,0.4,0.4149377593360996,0.8498583569405099,0.5576208178438662,0.702576112412178,0.6826666666666666,0.8237822031114548,0.61042572831761,724,423,53,300
student_dropout,ml,lightgbm,0.25,0.3991825613079019,0.830028328611898,0.5390984360625575,0.6826654240447344,0.666,0.7996300238829709,0.563897742718074,706,441,60,293
