threshold_raw,precision,recall,f1,f2,accuracy,roc_auc,pr_auc,tn,fp,fn,tp,data_source,solution_type,high_threshold_raw
2,0.8468468468468469,0.8826291079812206,0.864367816091954,0.8752327746741154,0.8917431192660551,0.9269260139148143,0.8912179749751669,298,34,25,188,student_dropout_and_success,rule_based,6
4,0.3875476493011436,0.8640226628895185,0.5350877192982456,0.6934970441109596,0.6466666666666666,0.7831638638547165,0.47502069730385316,665,482,48,305,student_dropout,rule_based,6
