threshold_raw,precision,recall,f1,f2,accuracy,roc_auc,pr_auc,tn,fp,fn,tp,data_source,solution_type,high_threshold_raw
2,0.8097165991902834,0.9389671361502347,0.8695652173913043,0.9099181073703366,0.8899082568807339,0.9404873013179479,0.8895054702682857,285,47,13,200,student_dropout_and_success,rule_based,6
4,0.38076923076923075,0.8413597733711048,0.5242718446601942,0.677463503649635,0.6406666666666667,0.7836862266634724,0.4998740564018036,664,483,56,297,student_dropout,rule_based,6
